,filename,mask_filename,category,manipulation
0,https://www.psytests.be/timages/task_img/blobhighmatched_bus6.png,https://www.psytests.be/timages/mask_img/000000353999.png,bus,occlusion
1,https://www.psytests.be/timages/task_img/hp_matched_building9.png,https://www.psytests.be/timages/mask_img/000000336668.png,building,high-pass
2,https://www.psytests.be/timages/task_img/lp_matched_tree4.png,https://www.psytests.be/timages/mask_img/000000365556.png,tree,low-pass
3,https://www.psytests.be/timages/task_img/control_bird9.png,https://www.psytests.be/timages/mask_img/000000358833.png,bird,control
4,https://www.psytests.be/timages/task_img/heavycluttermatched_firehydrant8.png,https://www.psytests.be/timages/mask_img/000000363325.png,firehydrant,clutter
5,https://www.psytests.be/timages/task_img/blobhighmatched_person6.png,https://www.psytests.be/timages/mask_img/000000329576.png,person,occlusion
6,https://www.psytests.be/timages/task_img/lp_matched_bird1.png,https://www.psytests.be/timages/mask_img/000000365768.png,bird,low-pass
7,https://www.psytests.be/timages/task_img/blobhighmatched_firehydrant7.png,https://www.psytests.be/timages/mask_img/000000337827.png,firehydrant,occlusion
8,https://www.psytests.be/timages/task_img/control_cat8.png,https://www.psytests.be/timages/mask_img/000000346576.png,cat,control
9,https://www.psytests.be/timages/task_img/heavycluttermatched_bus10.png,https://www.psytests.be/timages/mask_img/000000345719.png,bus,clutter
10,https://www.psytests.be/timages/task_img/hp_matched_bus9.png,https://www.psytests.be/timages/mask_img/000000346589.png,bus,high-pass
11,https://www.psytests.be/timages/task_img/hp_matched_bus8.png,https://www.psytests.be/timages/mask_img/000000349686.png,bus,high-pass
12,https://www.psytests.be/timages/task_img/hp_matched_building10.png,https://www.psytests.be/timages/mask_img/000000368648.png,building,high-pass
13,https://www.psytests.be/timages/task_img/hp_matched_cat10.png,https://www.psytests.be/timages/mask_img/000000360573.png,cat,high-pass
14,https://www.psytests.be/timages/task_img/control_cat9.png,https://www.psytests.be/timages/mask_img/000000333665.png,cat,control
15,https://www.psytests.be/timages/task_img/blobhighmatched_firehydrant6.png,https://www.psytests.be/timages/mask_img/000000347133.png,firehydrant,occlusion
16,https://www.psytests.be/timages/task_img/blobhighmatched_person7.png,https://www.psytests.be/timages/mask_img/000000326903.png,person,occlusion
17,https://www.psytests.be/timages/task_img/heavycluttermatched_firehydrant9.png,https://www.psytests.be/timages/mask_img/000000336457.png,firehydrant,clutter
18,https://www.psytests.be/timages/task_img/control_bird8.png,https://www.psytests.be/timages/mask_img/000000347292.png,bird,control
19,https://www.psytests.be/timages/task_img/lp_matched_tree5.png,https://www.psytests.be/timages/mask_img/000000358359.png,tree,low-pass
20,https://www.psytests.be/timages/task_img/hp_matched_building8.png,https://www.psytests.be/timages/mask_img/000000344758.png,building,high-pass
21,https://www.psytests.be/timages/task_img/blobhighmatched_bus7.png,https://www.psytests.be/timages/mask_img/000000327758.png,bus,occlusion
22,https://www.psytests.be/timages/task_img/blobhighmatched_bus5.png,https://www.psytests.be/timages/mask_img/000000322807.png,bus,occlusion
23,https://www.psytests.be/timages/task_img/lp_matched_tree7.png,https://www.psytests.be/timages/mask_img/000000346367.png,tree,low-pass
24,https://www.psytests.be/timages/task_img/blobhighmatched_banana10.png,https://www.psytests.be/timages/mask_img/000000330583.png,banana,occlusion
25,https://www.psytests.be/timages/task_img/heavycluttermatched_building9.png,https://www.psytests.be/timages/mask_img/000000345691.png,building,clutter
26,https://www.psytests.be/timages/task_img/heavycluttermatched_tree8.png,https://www.psytests.be/timages/mask_img/000000327000.png,tree,clutter
27,https://www.psytests.be/timages/task_img/blobhighmatched_person5.png,https://www.psytests.be/timages/mask_img/000000362986.png,person,occlusion
28,https://www.psytests.be/timages/task_img/lp_matched_bird2.png,https://www.psytests.be/timages/mask_img/000000339766.png,bird,low-pass
29,https://www.psytests.be/timages/task_img/blobhighmatched_firehydrant4.png,https://www.psytests.be/timages/mask_img/000000367785.png,firehydrant,occlusion
30,https://www.psytests.be/timages/task_img/hp_matched_person10.png,https://www.psytests.be/timages/mask_img/000000350897.png,person,high-pass
31,https://www.psytests.be/timages/task_img/blobhighmatched_firehydrant5.png,https://www.psytests.be/timages/mask_img/000000326083.png,firehydrant,occlusion
32,https://www.psytests.be/timages/task_img/lp_matched_bird3.png,https://www.psytests.be/timages/mask_img/000000368307.png,bird,low-pass
33,https://www.psytests.be/timages/task_img/blobhighmatched_person4.png,https://www.psytests.be/timages/mask_img/000000353622.png,person,occlusion
34,https://www.psytests.be/timages/task_img/heavycluttermatched_tree9.png,https://www.psytests.be/timages/mask_img/000000354603.png,tree,clutter
35,https://www.psytests.be/timages/task_img/heavycluttermatched_building8.png,https://www.psytests.be/timages/mask_img/000000342060.png,building,clutter
36,https://www.psytests.be/timages/task_img/lp_matched_tree6.png,https://www.psytests.be/timages/mask_img/000000341227.png,tree,low-pass
37,https://www.psytests.be/timages/task_img/blobhighmatched_bus4.png,https://www.psytests.be/timages/mask_img/000000357860.png,bus,occlusion
38,https://www.psytests.be/timages/task_img/heavycluttermatched_bird8.png,https://www.psytests.be/timages/mask_img/000000353384.png,bird,clutter
39,https://www.psytests.be/timages/task_img/hp_matched_person8.png,https://www.psytests.be/timages/mask_img/000000365187.png,person,high-pass
40,https://www.psytests.be/timages/task_img/lp_matched_tree2.png,https://www.psytests.be/timages/mask_img/000000355871.png,tree,low-pass
41,https://www.psytests.be/timages/task_img/lp_matched_building10.png,https://www.psytests.be/timages/mask_img/000000346158.png,building,low-pass
42,https://www.psytests.be/timages/task_img/heavycluttermatched_person8.png,https://www.psytests.be/timages/mask_img/000000367425.png,person,clutter
43,https://www.psytests.be/timages/task_img/lp_matched_bird7.png,https://www.psytests.be/timages/mask_img/000000340703.png,bird,low-pass
44,https://www.psytests.be/timages/task_img/blobhighmatched_firehydrant1.png,https://www.psytests.be/timages/mask_img/000000334938.png,firehydrant,occlusion
45,https://www.psytests.be/timages/task_img/lp_matched_building9.png,https://www.psytests.be/timages/mask_img/000000358174.png,building,low-pass
46,https://www.psytests.be/timages/task_img/blobhighmatched_cat10.png,https://www.psytests.be/timages/mask_img/000000353948.png,cat,occlusion
47,https://www.psytests.be/timages/task_img/lp_matched_building8.png,https://www.psytests.be/timages/mask_img/000000354570.png,building,low-pass
48,https://www.psytests.be/timages/task_img/control_bus10.png,https://www.psytests.be/timages/mask_img/000000359097.png,bus,control
49,https://www.psytests.be/timages/task_img/blobhighmatched_person1.png,https://www.psytests.be/timages/mask_img/000000322586.png,person,occlusion
50,https://www.psytests.be/timages/task_img/lp_matched_bird6.png,https://www.psytests.be/timages/mask_img/000000326092.png,bird,low-pass
51,https://www.psytests.be/timages/task_img/heavycluttermatched_person9.png,https://www.psytests.be/timages/mask_img/000000346799.png,person,clutter
52,https://www.psytests.be/timages/task_img/lp_matched_tree3.png,https://www.psytests.be/timages/mask_img/000000334858.png,tree,low-pass
53,https://www.psytests.be/timages/task_img/blobhighmatched_bus1.png,https://www.psytests.be/timages/mask_img/000000354174.png,bus,occlusion
54,https://www.psytests.be/timages/task_img/hp_matched_person9.png,https://www.psytests.be/timages/mask_img/000000327165.png,person,high-pass
55,https://www.psytests.be/timages/task_img/heavycluttermatched_bird9.png,https://www.psytests.be/timages/mask_img/000000363727.png,bird,clutter
56,https://www.psytests.be/timages/task_img/blobhighmatched_bus3.png,https://www.psytests.be/timages/mask_img/000000323303.png,bus,occlusion
57,https://www.psytests.be/timages/task_img/control_tree9.png,https://www.psytests.be/timages/mask_img/000000349695.png,tree,control
58,https://www.psytests.be/timages/task_img/lp_matched_tree1.png,https://www.psytests.be/timages/mask_img/000000361119.png,tree,low-pass
59,https://www.psytests.be/timages/task_img/heavycluttermatched_cat8.png,https://www.psytests.be/timages/mask_img/000000360575.png,cat,clutter
60,https://www.psytests.be/timages/task_img/lp_matched_firehydrant8.png,https://www.psytests.be/timages/mask_img/000000349642.png,firehydrant,low-pass
61,https://www.psytests.be/timages/task_img/lp_matched_banana9.png,https://www.psytests.be/timages/mask_img/000000344831.png,banana,low-pass
62,https://www.psytests.be/timages/task_img/blobhighmatched_person10.png,https://www.psytests.be/timages/mask_img/000000328069.png,person,occlusion
63,https://www.psytests.be/timages/task_img/lp_matched_bird4.png,https://www.psytests.be/timages/mask_img/000000331302.png,bird,low-pass
64,https://www.psytests.be/timages/task_img/blobhighmatched_person3.png,https://www.psytests.be/timages/mask_img/000000338468.png,person,occlusion
65,https://www.psytests.be/timages/task_img/lp_matched_bus9.png,https://www.psytests.be/timages/mask_img/000000338497.png,bus,low-pass
66,https://www.psytests.be/timages/task_img/blobhighmatched_firehydrant2.png,https://www.psytests.be/timages/mask_img/000000335366.png,firehydrant,occlusion
67,https://www.psytests.be/timages/task_img/control_banana8.png,https://www.psytests.be/timages/mask_img/000000329954.png,banana,control
68,https://www.psytests.be/timages/task_img/hp_matched_firehydrant10.png,https://www.psytests.be/timages/mask_img/000000348400.png,firehydrant,high-pass
69,https://www.psytests.be/timages/task_img/hp_matched_banana10.png,https://www.psytests.be/timages/mask_img/000000342139.png,banana,high-pass
70,https://www.psytests.be/timages/task_img/control_banana9.png,https://www.psytests.be/timages/mask_img/000000340060.png,banana,control
71,https://www.psytests.be/timages/task_img/lp_matched_bus8.png,https://www.psytests.be/timages/mask_img/000000340704.png,bus,low-pass
72,https://www.psytests.be/timages/task_img/blobhighmatched_firehydrant3.png,https://www.psytests.be/timages/mask_img/000000354771.png,firehydrant,occlusion
73,https://www.psytests.be/timages/task_img/blobhighmatched_person2.png,https://www.psytests.be/timages/mask_img/000000366933.png,person,occlusion
74,https://www.psytests.be/timages/task_img/lp_matched_bird5.png,https://www.psytests.be/timages/mask_img/000000364665.png,bird,low-pass
75,https://www.psytests.be/timages/task_img/lp_matched_banana8.png,https://www.psytests.be/timages/mask_img/000000340089.png,banana,low-pass
76,https://www.psytests.be/timages/task_img/lp_matched_firehydrant9.png,https://www.psytests.be/timages/mask_img/000000326640.png,firehydrant,low-pass
77,https://www.psytests.be/timages/task_img/heavycluttermatched_cat9.png,https://www.psytests.be/timages/mask_img/000000324692.png,cat,clutter
78,https://www.psytests.be/timages/task_img/blobhighmatched_building10.png,https://www.psytests.be/timages/mask_img/000000337188.png,building,occlusion
79,https://www.psytests.be/timages/task_img/control_tree8.png,https://www.psytests.be/timages/mask_img/000000341778.png,tree,control
80,https://www.psytests.be/timages/task_img/blobhighmatched_bus2.png,https://www.psytests.be/timages/mask_img/000000349318.png,bus,occlusion
81,https://www.psytests.be/timages/task_img/blobhighmatched_cat6.png,https://www.psytests.be/timages/mask_img/000000341546.png,cat,occlusion
82,https://www.psytests.be/timages/task_img/blobhighmatched_building2.png,https://www.psytests.be/timages/mask_img/000000353624.png,building,occlusion
83,https://www.psytests.be/timages/task_img/control_banana10.png,https://www.psytests.be/timages/mask_img/000000332219.png,banana,control
84,https://www.psytests.be/timages/task_img/blobhighmatched_banana6.png,https://www.psytests.be/timages/mask_img/000000328255.png,banana,occlusion
85,https://www.psytests.be/timages/task_img/hp_matched_bus10.png,https://www.psytests.be/timages/mask_img/000000365426.png,bus,high-pass
86,https://www.psytests.be/timages/task_img/control_bus8.png,https://www.psytests.be/timages/mask_img/000000363902.png,bus,control
87,https://www.psytests.be/timages/task_img/hp_matched_cat9.png,https://www.psytests.be/timages/mask_img/000000363527.png,cat,high-pass
88,https://www.psytests.be/timages/task_img/lp_matched_bird10.png,https://www.psytests.be/timages/mask_img/000000365624.png,bird,low-pass
89,https://www.psytests.be/timages/task_img/blobhighmatched_bird9.png,https://www.psytests.be/timages/mask_img/000000369022.png,bird,occlusion
90,https://www.psytests.be/timages/task_img/hp_matched_firehydrant4.png,https://www.psytests.be/timages/mask_img/000000355122.png,firehydrant,high-pass
91,https://www.psytests.be/timages/task_img/blobhighmatched_bird8.png,https://www.psytests.be/timages/mask_img/000000358189.png,bird,occlusion
92,https://www.psytests.be/timages/task_img/hp_matched_firehydrant5.png,https://www.psytests.be/timages/mask_img/000000341118.png,firehydrant,high-pass
93,https://www.psytests.be/timages/task_img/hp_matched_cat8.png,https://www.psytests.be/timages/mask_img/000000348841.png,cat,high-pass
94,https://www.psytests.be/timages/task_img/control_bus9.png,https://www.psytests.be/timages/mask_img/000000348074.png,bus,control
95,https://www.psytests.be/timages/task_img/lp_matched_person10.png,https://www.psytests.be/timages/mask_img/000000341087.png,person,low-pass
96,https://www.psytests.be/timages/task_img/blobhighmatched_banana7.png,https://www.psytests.be/timages/mask_img/000000362138.png,banana,occlusion
97,https://www.psytests.be/timages/task_img/control_building1.png,https://www.psytests.be/timages/mask_img/000000362662.png,building,control
98,https://www.psytests.be/timages/task_img/blobhighmatched_building3.png,https://www.psytests.be/timages/mask_img/000000336958.png,building,occlusion
99,https://www.psytests.be/timages/task_img/heavycluttermatched_cat10.png,https://www.psytests.be/timages/mask_img/000000324435.png,cat,clutter
100,https://www.psytests.be/timages/task_img/blobhighmatched_cat7.png,https://www.psytests.be/timages/mask_img/000000356920.png,cat,occlusion
101,https://www.psytests.be/timages/task_img/blobhighmatched_cat5.png,https://www.psytests.be/timages/mask_img/000000368602.png,cat,occlusion
102,https://www.psytests.be/timages/task_img/blobhighmatched_building1.png,https://www.psytests.be/timages/mask_img/000000352561.png,building,occlusion
103,https://www.psytests.be/timages/task_img/control_building3.png,https://www.psytests.be/timages/mask_img/000000367280.png,building,control
104,https://www.psytests.be/timages/task_img/blobhighmatched_banana5.png,https://www.psytests.be/timages/mask_img/000000332097.png,banana,occlusion
105,https://www.psytests.be/timages/task_img/hp_matched_tree8.png,https://www.psytests.be/timages/mask_img/000000352005.png,tree,high-pass
106,https://www.psytests.be/timages/task_img/hp_matched_firehydrant7.png,https://www.psytests.be/timages/mask_img/000000326948.png,firehydrant,high-pass
107,https://www.psytests.be/timages/task_img/hp_matched_firehydrant6.png,https://www.psytests.be/timages/mask_img/000000369087.png,firehydrant,high-pass
108,https://www.psytests.be/timages/task_img/hp_matched_tree9.png,https://www.psytests.be/timages/mask_img/000000357169.png,tree,high-pass
109,https://www.psytests.be/timages/task_img/blobhighmatched_banana4.png,https://www.psytests.be/timages/mask_img/000000360672.png,banana,occlusion
110,https://www.psytests.be/timages/task_img/control_building2.png,https://www.psytests.be/timages/mask_img/000000362065.png,building,control
111,https://www.psytests.be/timages/task_img/blobhighmatched_cat4.png,https://www.psytests.be/timages/mask_img/000000326814.png,cat,occlusion
112,https://www.psytests.be/timages/task_img/control_person10.png,https://www.psytests.be/timages/mask_img/000000349784.png,person,control
113,https://www.psytests.be/timages/task_img/blobhighmatched_building4.png,https://www.psytests.be/timages/mask_img/000000335459.png,building,occlusion
114,https://www.psytests.be/timages/task_img/hp_matched_banana8.png,https://www.psytests.be/timages/mask_img/000000367337.png,banana,high-pass
115,https://www.psytests.be/timages/task_img/heavycluttermatched_building10.png,https://www.psytests.be/timages/mask_img/000000355385.png,building,clutter
116,https://www.psytests.be/timages/task_img/control_building6.png,https://www.psytests.be/timages/mask_img/000000333799.png,building,control
117,https://www.psytests.be/timages/task_img/control_cat10.png,https://www.psytests.be/timages/mask_img/000000354716.png,cat,control
118,https://www.psytests.be/timages/task_img/heavycluttermatched_banana8.png,https://www.psytests.be/timages/mask_img/000000359568.png,banana,clutter
119,https://www.psytests.be/timages/task_img/hp_matched_bird8.png,https://www.psytests.be/timages/mask_img/000000365293.png,bird,high-pass
120,https://www.psytests.be/timages/task_img/control_bird10.png,https://www.psytests.be/timages/mask_img/000000324595.png,bird,control
121,https://www.psytests.be/timages/task_img/hp_matched_firehydrant2.png,https://www.psytests.be/timages/mask_img/000000355387.png,firehydrant,high-pass
122,https://www.psytests.be/timages/task_img/hp_matched_firehydrant3.png,https://www.psytests.be/timages/mask_img/000000356856.png,firehydrant,high-pass
123,https://www.psytests.be/timages/task_img/hp_matched_bird9.png,https://www.psytests.be/timages/mask_img/000000326369.png,bird,high-pass
124,https://www.psytests.be/timages/task_img/lp_matched_banana10.png,https://www.psytests.be/timages/mask_img/000000337264.png,banana,low-pass
125,https://www.psytests.be/timages/task_img/hp_matched_bird10.png,https://www.psytests.be/timages/mask_img/000000353090.png,bird,high-pass
126,https://www.psytests.be/timages/task_img/heavycluttermatched_banana9.png,https://www.psytests.be/timages/mask_img/000000367321.png,banana,clutter
127,https://www.psytests.be/timages/task_img/blobhighmatched_banana1.png,https://www.psytests.be/timages/mask_img/000000360300.png,banana,occlusion
128,https://www.psytests.be/timages/task_img/control_building7.png,https://www.psytests.be/timages/mask_img/000000354258.png,building,control
129,https://www.psytests.be/timages/task_img/hp_matched_banana9.png,https://www.psytests.be/timages/mask_img/000000341133.png,banana,high-pass
130,https://www.psytests.be/timages/task_img/blobhighmatched_bus10.png,https://www.psytests.be/timages/mask_img/000000360857.png,bus,occlusion
131,https://www.psytests.be/timages/task_img/blobhighmatched_cat1.png,https://www.psytests.be/timages/mask_img/000000340577.png,cat,occlusion
132,https://www.psytests.be/timages/task_img/blobhighmatched_building5.png,https://www.psytests.be/timages/mask_img/000000335103.png,building,occlusion
133,https://www.psytests.be/timages/task_img/blobhighmatched_building7.png,https://www.psytests.be/timages/mask_img/000000324032.png,building,occlusion
134,https://www.psytests.be/timages/task_img/blobhighmatched_cat3.png,https://www.psytests.be/timages/mask_img/000000333412.png,cat,occlusion
135,https://www.psytests.be/timages/task_img/heavycluttermatched_bus8.png,https://www.psytests.be/timages/mask_img/000000323615.png,bus,clutter
136,https://www.psytests.be/timages/task_img/control_building5.png,https://www.psytests.be/timages/mask_img/000000355967.png,building,control
137,https://www.psytests.be/timages/task_img/blobhighmatched_banana3.png,https://www.psytests.be/timages/mask_img/000000339498.png,banana,occlusion
138,https://www.psytests.be/timages/task_img/heavycluttermatched_bird10.png,https://www.psytests.be/timages/mask_img/000000334180.png,bird,clutter
139,https://www.psytests.be/timages/task_img/lp_matched_person9.png,https://www.psytests.be/timages/mask_img/000000352205.png,person,low-pass
140,https://www.psytests.be/timages/task_img/control_person8.png,https://www.psytests.be/timages/mask_img/000000338989.png,person,control
141,https://www.psytests.be/timages/task_img/lp_matched_cat9.png,https://www.psytests.be/timages/mask_img/000000326209.png,cat,low-pass
142,https://www.psytests.be/timages/task_img/blobhighmatched_tree9.png,https://www.psytests.be/timages/mask_img/000000322734.png,tree,occlusion
143,https://www.psytests.be/timages/task_img/hp_matched_firehydrant1.png,https://www.psytests.be/timages/mask_img/000000329107.png,firehydrant,high-pass
144,https://www.psytests.be/timages/task_img/control_firehydrant9.png,https://www.psytests.be/timages/mask_img/000000366162.png,firehydrant,control
145,https://www.psytests.be/timages/task_img/control_firehydrant8.png,https://www.psytests.be/timages/mask_img/000000351719.png,firehydrant,control
146,https://www.psytests.be/timages/task_img/blobhighmatched_tree8.png,https://www.psytests.be/timages/mask_img/000000365133.png,tree,occlusion
147,https://www.psytests.be/timages/task_img/lp_matched_cat8.png,https://www.psytests.be/timages/mask_img/000000365866.png,cat,low-pass
148,https://www.psytests.be/timages/task_img/control_person9.png,https://www.psytests.be/timages/mask_img/000000357963.png,person,control
149,https://www.psytests.be/timages/task_img/lp_matched_person8.png,https://www.psytests.be/timages/mask_img/000000331370.png,person,low-pass
150,https://www.psytests.be/timages/task_img/blobhighmatched_banana2.png,https://www.psytests.be/timages/mask_img/000000368205.png,banana,occlusion
151,https://www.psytests.be/timages/task_img/blobhighmatched_tree10.png,https://www.psytests.be/timages/mask_img/000000330907.png,tree,occlusion
152,https://www.psytests.be/timages/task_img/control_building4.png,https://www.psytests.be/timages/mask_img/000000325891.png,building,control
153,https://www.psytests.be/timages/task_img/heavycluttermatched_bus9.png,https://www.psytests.be/timages/mask_img/000000361751.png,bus,clutter
154,https://www.psytests.be/timages/task_img/blobhighmatched_cat2.png,https://www.psytests.be/timages/mask_img/000000337265.png,cat,occlusion
155,https://www.psytests.be/timages/task_img/blobhighmatched_building6.png,https://www.psytests.be/timages/mask_img/000000347755.png,building,occlusion
156,https://www.psytests.be/timages/task_img/heavycluttermatched_bus4.png,https://www.psytests.be/timages/mask_img/000000352360.png,bus,clutter
157,https://www.psytests.be/timages/task_img/hp_matched_banana7.png,https://www.psytests.be/timages/mask_img/000000349026.png,banana,high-pass
158,https://www.psytests.be/timages/task_img/control_building9.png,https://www.psytests.be/timages/mask_img/000000329088.png,building,control
159,https://www.psytests.be/timages/task_img/lp_matched_person5.png,https://www.psytests.be/timages/mask_img/000000326344.png,person,low-pass
160,https://www.psytests.be/timages/task_img/heavycluttermatched_banana7.png,https://www.psytests.be/timages/mask_img/000000359037.png,banana,clutter
161,https://www.psytests.be/timages/task_img/control_tree10.png,https://www.psytests.be/timages/mask_img/000000323758.png,tree,control
162,https://www.psytests.be/timages/task_img/control_person4.png,https://www.psytests.be/timages/mask_img/000000336369.png,person,control
163,https://www.psytests.be/timages/task_img/blobhighmatched_tree5.png,https://www.psytests.be/timages/mask_img/000000345224.png,tree,occlusion
164,https://www.psytests.be/timages/task_img/control_bus1.png,https://www.psytests.be/timages/mask_img/000000361386.png,bus,control
165,https://www.psytests.be/timages/task_img/lp_matched_cat5.png,https://www.psytests.be/timages/mask_img/000000338230.png,cat,low-pass
166,https://www.psytests.be/timages/task_img/blobhighmatched_firehydrant10.png,https://www.psytests.be/timages/mask_img/000000322730.png,firehydrant,occlusion
167,https://www.psytests.be/timages/task_img/hp_matched_bird7.png,https://www.psytests.be/timages/mask_img/000000363036.png,bird,high-pass
168,https://www.psytests.be/timages/task_img/control_firehydrant5.png,https://www.psytests.be/timages/mask_img/000000345972.png,firehydrant,control
169,https://www.psytests.be/timages/task_img/hp_matched_tree2.png,https://www.psytests.be/timages/mask_img/000000326594.png,tree,high-pass
170,https://www.psytests.be/timages/task_img/hp_matched_cat1.png,https://www.psytests.be/timages/mask_img/000000365687.png,cat,high-pass
171,https://www.psytests.be/timages/task_img/hp_matched_tree10.png,https://www.psytests.be/timages/mask_img/000000367641.png,tree,high-pass
172,https://www.psytests.be/timages/task_img/control_firehydrant4.png,https://www.psytests.be/timages/mask_img/000000363433.png,firehydrant,control
173,https://www.psytests.be/timages/task_img/hp_matched_tree3.png,https://www.psytests.be/timages/mask_img/000000350748.png,tree,high-pass
174,https://www.psytests.be/timages/task_img/blobhighmatched_bird1.png,https://www.psytests.be/timages/mask_img/000000348675.png,bird,occlusion
175,https://www.psytests.be/timages/task_img/hp_matched_bird6.png,https://www.psytests.be/timages/mask_img/000000347793.png,bird,high-pass
176,https://www.psytests.be/timages/task_img/lp_matched_cat4.png,https://www.psytests.be/timages/mask_img/000000341335.png,cat,low-pass
177,https://www.psytests.be/timages/task_img/blobhighmatched_tree4.png,https://www.psytests.be/timages/mask_img/000000328383.png,tree,occlusion
178,https://www.psytests.be/timages/task_img/control_person5.png,https://www.psytests.be/timages/mask_img/000000352375.png,person,control
179,https://www.psytests.be/timages/task_img/heavycluttermatched_banana6.png,https://www.psytests.be/timages/mask_img/000000336395.png,banana,clutter
180,https://www.psytests.be/timages/task_img/lp_matched_person4.png,https://www.psytests.be/timages/mask_img/000000346672.png,person,low-pass
181,https://www.psytests.be/timages/task_img/control_building8.png,https://www.psytests.be/timages/mask_img/000000345353.png,building,control
182,https://www.psytests.be/timages/task_img/hp_matched_banana6.png,https://www.psytests.be/timages/mask_img/000000349582.png,banana,high-pass
183,https://www.psytests.be/timages/task_img/heavycluttermatched_bus5.png,https://www.psytests.be/timages/mask_img/000000325302.png,bus,clutter
184,https://www.psytests.be/timages/task_img/blobhighmatched_building8.png,https://www.psytests.be/timages/mask_img/000000350170.png,building,occlusion
185,https://www.psytests.be/timages/task_img/heavycluttermatched_tree10.png,https://www.psytests.be/timages/mask_img/000000335924.png,tree,clutter
186,https://www.psytests.be/timages/task_img/hp_matched_banana4.png,https://www.psytests.be/timages/mask_img/000000339111.png,banana,high-pass
187,https://www.psytests.be/timages/task_img/heavycluttermatched_bus7.png,https://www.psytests.be/timages/mask_img/000000350825.png,bus,clutter
188,https://www.psytests.be/timages/task_img/lp_matched_person6.png,https://www.psytests.be/timages/mask_img/000000335703.png,person,low-pass
189,https://www.psytests.be/timages/task_img/heavycluttermatched_banana4.png,https://www.psytests.be/timages/mask_img/000000333164.png,banana,clutter
190,https://www.psytests.be/timages/task_img/control_person7.png,https://www.psytests.be/timages/mask_img/000000324419.png,person,control
191,https://www.psytests.be/timages/task_img/lp_matched_cat6.png,https://www.psytests.be/timages/mask_img/000000349193.png,cat,low-pass
192,https://www.psytests.be/timages/task_img/blobhighmatched_tree6.png,https://www.psytests.be/timages/mask_img/000000353652.png,tree,occlusion
193,https://www.psytests.be/timages/task_img/control_bus2.png,https://www.psytests.be/timages/mask_img/000000342011.png,bus,control
194,https://www.psytests.be/timages/task_img/hp_matched_bird4.png,https://www.psytests.be/timages/mask_img/000000368363.png,bird,high-pass
195,https://www.psytests.be/timages/task_img/blobhighmatched_bird3.png,https://www.psytests.be/timages/mask_img/000000324155.png,bird,occlusion
196,https://www.psytests.be/timages/task_img/hp_matched_cat3.png,https://www.psytests.be/timages/mask_img/000000355035.png,cat,high-pass
197,https://www.psytests.be/timages/task_img/hp_matched_tree1.png,https://www.psytests.be/timages/mask_img/000000362699.png,tree,high-pass
198,https://www.psytests.be/timages/task_img/control_firehydrant6.png,https://www.psytests.be/timages/mask_img/000000365041.png,firehydrant,control
199,https://www.psytests.be/timages/task_img/control_firehydrant7.png,https://www.psytests.be/timages/mask_img/000000335851.png,firehydrant,control
200,https://www.psytests.be/timages/task_img/hp_matched_cat2.png,https://www.psytests.be/timages/mask_img/000000352612.png,cat,high-pass
201,https://www.psytests.be/timages/task_img/blobhighmatched_bird2.png,https://www.psytests.be/timages/mask_img/000000327299.png,bird,occlusion
202,https://www.psytests.be/timages/task_img/hp_matched_bird5.png,https://www.psytests.be/timages/mask_img/000000328814.png,bird,high-pass
203,https://www.psytests.be/timages/task_img/control_bus3.png,https://www.psytests.be/timages/mask_img/000000340941.png,bus,control
204,https://www.psytests.be/timages/task_img/blobhighmatched_tree7.png,https://www.psytests.be/timages/mask_img/000000325115.png,tree,occlusion
205,https://www.psytests.be/timages/task_img/lp_matched_cat7.png,https://www.psytests.be/timages/mask_img/000000353901.png,cat,low-pass
206,https://www.psytests.be/timages/task_img/control_person6.png,https://www.psytests.be/timages/mask_img/000000327919.png,person,control
207,https://www.psytests.be/timages/task_img/heavycluttermatched_banana5.png,https://www.psytests.be/timages/mask_img/000000338834.png,banana,clutter
208,https://www.psytests.be/timages/task_img/lp_matched_person7.png,https://www.psytests.be/timages/mask_img/000000347789.png,person,low-pass
209,https://www.psytests.be/timages/task_img/heavycluttermatched_bus6.png,https://www.psytests.be/timages/mask_img/000000341663.png,bus,clutter
210,https://www.psytests.be/timages/task_img/hp_matched_banana5.png,https://www.psytests.be/timages/mask_img/000000325332.png,banana,high-pass
211,https://www.psytests.be/timages/task_img/blobhighmatched_bird10.png,https://www.psytests.be/timages/mask_img/000000324776.png,bird,occlusion
212,https://www.psytests.be/timages/task_img/blobhighmatched_building9.png,https://www.psytests.be/timages/mask_img/000000355762.png,building,occlusion
213,https://www.psytests.be/timages/task_img/blobhighmatched_cat9.png,https://www.psytests.be/timages/mask_img/000000349363.png,cat,occlusion
214,https://www.psytests.be/timages/task_img/hp_matched_banana1.png,https://www.psytests.be/timages/mask_img/000000330139.png,banana,high-pass
215,https://www.psytests.be/timages/task_img/heavycluttermatched_bus2.png,https://www.psytests.be/timages/mask_img/000000362643.png,bus,clutter
216,https://www.psytests.be/timages/task_img/blobhighmatched_banana9.png,https://www.psytests.be/timages/mask_img/000000357362.png,banana,occlusion
217,https://www.psytests.be/timages/task_img/lp_matched_person3.png,https://www.psytests.be/timages/mask_img/000000326014.png,person,low-pass
218,https://www.psytests.be/timages/task_img/heavycluttermatched_banana1.png,https://www.psytests.be/timages/mask_img/000000343707.png,banana,clutter
219,https://www.psytests.be/timages/task_img/lp_matched_firehydrant10.png,https://www.psytests.be/timages/mask_img/000000367869.png,firehydrant,low-pass
220,https://www.psytests.be/timages/task_img/control_person2.png,https://www.psytests.be/timages/mask_img/000000325125.png,person,control
221,https://www.psytests.be/timages/task_img/hp_matched_bird1.png,https://www.psytests.be/timages/mask_img/000000347763.png,bird,high-pass
222,https://www.psytests.be/timages/task_img/lp_matched_tree10.png,https://www.psytests.be/timages/mask_img/000000343511.png,tree,low-pass
223,https://www.psytests.be/timages/task_img/lp_matched_cat3.png,https://www.psytests.be/timages/mask_img/000000365265.png,cat,low-pass
224,https://www.psytests.be/timages/task_img/blobhighmatched_tree3.png,https://www.psytests.be/timages/mask_img/000000335308.png,tree,occlusion
225,https://www.psytests.be/timages/task_img/control_bus7.png,https://www.psytests.be/timages/mask_img/000000343739.png,bus,control
226,https://www.psytests.be/timages/task_img/hp_matched_cat6.png,https://www.psytests.be/timages/mask_img/000000357758.png,cat,high-pass
227,https://www.psytests.be/timages/task_img/control_firehydrant3.png,https://www.psytests.be/timages/mask_img/000000355826.png,firehydrant,control
228,https://www.psytests.be/timages/task_img/hp_matched_tree4.png,https://www.psytests.be/timages/mask_img/000000364437.png,tree,high-pass
229,https://www.psytests.be/timages/task_img/blobhighmatched_bird6.png,https://www.psytests.be/timages/mask_img/000000339687.png,bird,occlusion
230,https://www.psytests.be/timages/task_img/blobhighmatched_bird7.png,https://www.psytests.be/timages/mask_img/000000338214.png,bird,occlusion
231,https://www.psytests.be/timages/task_img/control_firehydrant2.png,https://www.psytests.be/timages/mask_img/000000360719.png,firehydrant,control
232,https://www.psytests.be/timages/task_img/hp_matched_tree5.png,https://www.psytests.be/timages/mask_img/000000341502.png,tree,high-pass
233,https://www.psytests.be/timages/task_img/hp_matched_cat7.png,https://www.psytests.be/timages/mask_img/000000331998.png,cat,high-pass
234,https://www.psytests.be/timages/task_img/control_bus6.png,https://www.psytests.be/timages/mask_img/000000365305.png,bus,control
235,https://www.psytests.be/timages/task_img/blobhighmatched_tree2.png,https://www.psytests.be/timages/mask_img/000000369271.png,tree,occlusion
236,https://www.psytests.be/timages/task_img/lp_matched_cat2.png,https://www.psytests.be/timages/mask_img/000000329640.png,cat,low-pass
237,https://www.psytests.be/timages/task_img/control_person3.png,https://www.psytests.be/timages/mask_img/000000354668.png,person,control
238,https://www.psytests.be/timages/task_img/lp_matched_person2.png,https://www.psytests.be/timages/mask_img/000000367881.png,person,low-pass
239,https://www.psytests.be/timages/task_img/lp_matched_cat10.png,https://www.psytests.be/timages/mask_img/000000364436.png,cat,low-pass
240,https://www.psytests.be/timages/task_img/blobhighmatched_banana8.png,https://www.psytests.be/timages/mask_img/000000344043.png,banana,occlusion
241,https://www.psytests.be/timages/task_img/heavycluttermatched_bus3.png,https://www.psytests.be/timages/mask_img/000000325495.png,bus,clutter
242,https://www.psytests.be/timages/task_img/blobhighmatched_cat8.png,https://www.psytests.be/timages/mask_img/000000330098.png,cat,occlusion
243,https://www.psytests.be/timages/task_img/heavycluttermatched_bus1.png,https://www.psytests.be/timages/mask_img/000000351466.png,bus,clutter
244,https://www.psytests.be/timages/task_img/hp_matched_banana2.png,https://www.psytests.be/timages/mask_img/000000343704.png,banana,high-pass
245,https://www.psytests.be/timages/task_img/heavycluttermatched_banana2.png,https://www.psytests.be/timages/mask_img/000000337522.png,banana,clutter
246,https://www.psytests.be/timages/task_img/control_person1.png,https://www.psytests.be/timages/mask_img/000000350552.png,person,control
247,https://www.psytests.be/timages/task_img/hp_matched_bird2.png,https://www.psytests.be/timages/mask_img/000000346456.png,bird,high-pass
248,https://www.psytests.be/timages/task_img/control_bus4.png,https://www.psytests.be/timages/mask_img/000000363826.png,bus,control
249,https://www.psytests.be/timages/task_img/hp_matched_tree7.png,https://www.psytests.be/timages/mask_img/000000342618.png,tree,high-pass
250,https://www.psytests.be/timages/task_img/hp_matched_cat5.png,https://www.psytests.be/timages/mask_img/000000349775.png,cat,high-pass
251,https://www.psytests.be/timages/task_img/blobhighmatched_bird5.png,https://www.psytests.be/timages/mask_img/000000362282.png,bird,occlusion
252,https://www.psytests.be/timages/task_img/hp_matched_firehydrant8.png,https://www.psytests.be/timages/mask_img/000000361774.png,firehydrant,high-pass
253,https://www.psytests.be/timages/task_img/blobhighmatched_bird4.png,https://www.psytests.be/timages/mask_img/000000340547.png,bird,occlusion
254,https://www.psytests.be/timages/task_img/hp_matched_firehydrant9.png,https://www.psytests.be/timages/mask_img/000000338417.png,firehydrant,high-pass
255,https://www.psytests.be/timages/task_img/hp_matched_cat4.png,https://www.psytests.be/timages/mask_img/000000338403.png,cat,high-pass
256,https://www.psytests.be/timages/task_img/hp_matched_tree6.png,https://www.psytests.be/timages/mask_img/000000346724.png,tree,high-pass
257,https://www.psytests.be/timages/task_img/control_firehydrant1.png,https://www.psytests.be/timages/mask_img/000000361370.png,firehydrant,control
258,https://www.psytests.be/timages/task_img/lp_matched_cat1.png,https://www.psytests.be/timages/mask_img/000000352553.png,cat,low-pass
259,https://www.psytests.be/timages/task_img/control_bus5.png,https://www.psytests.be/timages/mask_img/000000353671.png,bus,control
260,https://www.psytests.be/timages/task_img/blobhighmatched_tree1.png,https://www.psytests.be/timages/mask_img/000000338007.png,tree,occlusion
261,https://www.psytests.be/timages/task_img/hp_matched_bird3.png,https://www.psytests.be/timages/mask_img/000000349827.png,bird,high-pass
262,https://www.psytests.be/timages/task_img/heavycluttermatched_banana3.png,https://www.psytests.be/timages/mask_img/000000350386.png,banana,clutter
263,https://www.psytests.be/timages/task_img/lp_matched_person1.png,https://www.psytests.be/timages/mask_img/000000330499.png,person,low-pass
264,https://www.psytests.be/timages/task_img/hp_matched_banana3.png,https://www.psytests.be/timages/mask_img/000000339495.png,banana,high-pass
265,https://www.psytests.be/timages/task_img/hp_matched_person7.png,https://www.psytests.be/timages/mask_img/000000365103.png,person,high-pass
266,https://www.psytests.be/timages/task_img/heavycluttermatched_bird7.png,https://www.psytests.be/timages/mask_img/000000326774.png,bird,clutter
267,https://www.psytests.be/timages/task_img/control_tree5.png,https://www.psytests.be/timages/mask_img/000000341116.png,tree,control
268,https://www.psytests.be/timages/task_img/heavycluttermatched_cat4.png,https://www.psytests.be/timages/mask_img/000000323963.png,cat,clutter
269,https://www.psytests.be/timages/task_img/heavycluttermatched_building3.png,https://www.psytests.be/timages/mask_img/000000342812.png,building,clutter
270,https://www.psytests.be/timages/task_img/lp_matched_banana5.png,https://www.psytests.be/timages/mask_img/000000332463.png,banana,low-pass
271,https://www.psytests.be/timages/task_img/heavycluttermatched_person7.png,https://www.psytests.be/timages/mask_img/000000340988.png,person,clutter
272,https://www.psytests.be/timages/task_img/heavycluttermatched_tree2.png,https://www.psytests.be/timages/mask_img/000000360480.png,tree,clutter
273,https://www.psytests.be/timages/task_img/lp_matched_firehydrant4.png,https://www.psytests.be/timages/mask_img/000000354725.png,firehydrant,low-pass
274,https://www.psytests.be/timages/task_img/heavycluttermatched_firehydrant1.png,https://www.psytests.be/timages/mask_img/000000362281.png,firehydrant,clutter
275,https://www.psytests.be/timages/task_img/lp_matched_bird8.png,https://www.psytests.be/timages/mask_img/000000325690.png,bird,low-pass
276,https://www.psytests.be/timages/task_img/control_banana4.png,https://www.psytests.be/timages/mask_img/000000329900.png,banana,control
277,https://www.psytests.be/timages/task_img/control_cat1.png,https://www.psytests.be/timages/mask_img/000000336607.png,cat,control
278,https://www.psytests.be/timages/task_img/lp_matched_bus5.png,https://www.psytests.be/timages/mask_img/000000358451.png,bus,low-pass
279,https://www.psytests.be/timages/task_img/lp_matched_building6.png,https://www.psytests.be/timages/mask_img/000000328940.png,building,low-pass
280,https://www.psytests.be/timages/task_img/hp_matched_bus1.png,https://www.psytests.be/timages/mask_img/000000323829.png,bus,high-pass
281,https://www.psytests.be/timages/task_img/lp_matched_building7.png,https://www.psytests.be/timages/mask_img/000000324161.png,building,low-pass
282,https://www.psytests.be/timages/task_img/lp_matched_bus4.png,https://www.psytests.be/timages/mask_img/000000357819.png,bus,low-pass
283,https://www.psytests.be/timages/task_img/control_banana5.png,https://www.psytests.be/timages/mask_img/000000354121.png,banana,control
284,https://www.psytests.be/timages/task_img/lp_matched_bird9.png,https://www.psytests.be/timages/mask_img/000000327695.png,bird,low-pass
285,https://www.psytests.be/timages/task_img/control_bird1.png,https://www.psytests.be/timages/mask_img/000000339454.png,bird,control
286,https://www.psytests.be/timages/task_img/lp_matched_firehydrant5.png,https://www.psytests.be/timages/mask_img/000000332273.png,firehydrant,low-pass
287,https://www.psytests.be/timages/task_img/heavycluttermatched_tree3.png,https://www.psytests.be/timages/mask_img/000000368626.png,tree,clutter
288,https://www.psytests.be/timages/task_img/heavycluttermatched_person6.png,https://www.psytests.be/timages/mask_img/000000356086.png,person,clutter
289,https://www.psytests.be/timages/task_img/heavycluttermatched_building2.png,https://www.psytests.be/timages/mask_img/000000356079.png,building,clutter
290,https://www.psytests.be/timages/task_img/lp_matched_banana4.png,https://www.psytests.be/timages/mask_img/000000331790.png,banana,low-pass
291,https://www.psytests.be/timages/task_img/heavycluttermatched_cat5.png,https://www.psytests.be/timages/mask_img/000000345993.png,cat,clutter
292,https://www.psytests.be/timages/task_img/control_tree4.png,https://www.psytests.be/timages/mask_img/000000330883.png,tree,control
293,https://www.psytests.be/timages/task_img/heavycluttermatched_bird6.png,https://www.psytests.be/timages/mask_img/000000337120.png,bird,clutter
294,https://www.psytests.be/timages/task_img/hp_matched_person6.png,https://www.psytests.be/timages/mask_img/000000348092.png,person,high-pass
295,https://www.psytests.be/timages/task_img/hp_matched_building1.png,https://www.psytests.be/timages/mask_img/000000348904.png,building,high-pass
296,https://www.psytests.be/timages/task_img/hp_matched_person4.png,https://www.psytests.be/timages/mask_img/000000366353.png,person,high-pass
297,https://www.psytests.be/timages/task_img/heavycluttermatched_bird4.png,https://www.psytests.be/timages/mask_img/000000346849.png,bird,clutter
298,https://www.psytests.be/timages/task_img/hp_matched_building3.png,https://www.psytests.be/timages/mask_img/000000349561.png,building,high-pass
299,https://www.psytests.be/timages/task_img/control_tree6.png,https://www.psytests.be/timages/mask_img/000000322897.png,tree,control
300,https://www.psytests.be/timages/task_img/heavycluttermatched_cat7.png,https://www.psytests.be/timages/mask_img/000000339253.png,cat,clutter
301,https://www.psytests.be/timages/task_img/heavycluttermatched_firehydrant2.png,https://www.psytests.be/timages/mask_img/000000366025.png,firehydrant,clutter
302,https://www.psytests.be/timages/task_img/heavycluttermatched_tree1.png,https://www.psytests.be/timages/mask_img/000000333916.png,tree,clutter
303,https://www.psytests.be/timages/task_img/lp_matched_firehydrant7.png,https://www.psytests.be/timages/mask_img/000000334062.png,firehydrant,low-pass
304,https://www.psytests.be/timages/task_img/lp_matched_banana6.png,https://www.psytests.be/timages/mask_img/000000340244.png,banana,low-pass
305,https://www.psytests.be/timages/task_img/heavycluttermatched_person4.png,https://www.psytests.be/timages/mask_img/000000359098.png,person,clutter
306,https://www.psytests.be/timages/task_img/control_bird3.png,https://www.psytests.be/timages/mask_img/000000326937.png,bird,control
307,https://www.psytests.be/timages/task_img/heavycluttermatched_person10.png,https://www.psytests.be/timages/mask_img/000000349466.png,person,clutter
308,https://www.psytests.be/timages/task_img/lp_matched_bus6.png,https://www.psytests.be/timages/mask_img/000000322990.png,bus,low-pass
309,https://www.psytests.be/timages/task_img/control_banana7.png,https://www.psytests.be/timages/mask_img/000000344397.png,banana,control
310,https://www.psytests.be/timages/task_img/control_cat2.png,https://www.psytests.be/timages/mask_img/000000356962.png,cat,control
311,https://www.psytests.be/timages/task_img/lp_matched_building5.png,https://www.psytests.be/timages/mask_img/000000330359.png,building,low-pass
312,https://www.psytests.be/timages/task_img/hp_matched_bus3.png,https://www.psytests.be/timages/mask_img/000000331084.png,bus,high-pass
313,https://www.psytests.be/timages/task_img/control_building10.png,https://www.psytests.be/timages/mask_img/000000326077.png,building,control
314,https://www.psytests.be/timages/task_img/hp_matched_bus2.png,https://www.psytests.be/timages/mask_img/000000364522.png,bus,high-pass
315,https://www.psytests.be/timages/task_img/lp_matched_building4.png,https://www.psytests.be/timages/mask_img/000000367003.png,building,low-pass
316,https://www.psytests.be/timages/task_img/control_cat3.png,https://www.psytests.be/timages/mask_img/000000328066.png,cat,control
317,https://www.psytests.be/timages/task_img/control_banana6.png,https://www.psytests.be/timages/mask_img/000000346754.png,banana,control
318,https://www.psytests.be/timages/task_img/lp_matched_bus7.png,https://www.psytests.be/timages/mask_img/000000341013.png,bus,low-pass
319,https://www.psytests.be/timages/task_img/control_bird2.png,https://www.psytests.be/timages/mask_img/000000362999.png,bird,control
320,https://www.psytests.be/timages/task_img/heavycluttermatched_person5.png,https://www.psytests.be/timages/mask_img/000000358344.png,person,clutter
321,https://www.psytests.be/timages/task_img/lp_matched_banana7.png,https://www.psytests.be/timages/mask_img/000000335433.png,banana,low-pass
322,https://www.psytests.be/timages/task_img/heavycluttermatched_building1.png,https://www.psytests.be/timages/mask_img/000000344579.png,building,clutter
323,https://www.psytests.be/timages/task_img/heavycluttermatched_firehydrant3.png,https://www.psytests.be/timages/mask_img/000000324528.png,firehydrant,clutter
324,https://www.psytests.be/timages/task_img/lp_matched_firehydrant6.png,https://www.psytests.be/timages/mask_img/000000366733.png,firehydrant,low-pass
325,https://www.psytests.be/timages/task_img/heavycluttermatched_cat6.png,https://www.psytests.be/timages/mask_img/000000331496.png,cat,clutter
326,https://www.psytests.be/timages/task_img/control_tree7.png,https://www.psytests.be/timages/mask_img/000000342336.png,tree,control
327,https://www.psytests.be/timages/task_img/hp_matched_building2.png,https://www.psytests.be/timages/mask_img/000000325346.png,building,high-pass
328,https://www.psytests.be/timages/task_img/heavycluttermatched_bird5.png,https://www.psytests.be/timages/mask_img/000000325434.png,bird,clutter
329,https://www.psytests.be/timages/task_img/hp_matched_person5.png,https://www.psytests.be/timages/mask_img/000000347306.png,person,high-pass
330,https://www.psytests.be/timages/task_img/control_tree3.png,https://www.psytests.be/timages/mask_img/000000340327.png,tree,control
331,https://www.psytests.be/timages/task_img/hp_matched_person1.png,https://www.psytests.be/timages/mask_img/000000359104.png,person,high-pass
332,https://www.psytests.be/timages/task_img/heavycluttermatched_bird1.png,https://www.psytests.be/timages/mask_img/000000365164.png,bird,clutter
333,https://www.psytests.be/timages/task_img/blobhighmatched_bus9.png,https://www.psytests.be/timages/mask_img/000000362145.png,bus,occlusion
334,https://www.psytests.be/timages/task_img/hp_matched_building6.png,https://www.psytests.be/timages/mask_img/000000349101.png,building,high-pass
335,https://www.psytests.be/timages/task_img/heavycluttermatched_cat2.png,https://www.psytests.be/timages/mask_img/000000364939.png,cat,clutter
336,https://www.psytests.be/timages/task_img/heavycluttermatched_firehydrant10.png,https://www.psytests.be/timages/mask_img/000000330429.png,firehydrant,clutter
337,https://www.psytests.be/timages/task_img/control_bird6.png,https://www.psytests.be/timages/mask_img/000000356949.png,bird,control
338,https://www.psytests.be/timages/task_img/heavycluttermatched_tree4.png,https://www.psytests.be/timages/mask_img/000000326510.png,tree,clutter
339,https://www.psytests.be/timages/task_img/lp_matched_firehydrant2.png,https://www.psytests.be/timages/mask_img/000000329179.png,firehydrant,low-pass
340,https://www.psytests.be/timages/task_img/heavycluttermatched_firehydrant7.png,https://www.psytests.be/timages/mask_img/000000337353.png,firehydrant,clutter
341,https://www.psytests.be/timages/task_img/heavycluttermatched_building5.png,https://www.psytests.be/timages/mask_img/000000333135.png,building,clutter
342,https://www.psytests.be/timages/task_img/lp_matched_banana3.png,https://www.psytests.be/timages/mask_img/000000356752.png,banana,low-pass
343,https://www.psytests.be/timages/task_img/heavycluttermatched_person1.png,https://www.psytests.be/timages/mask_img/000000358019.png,person,clutter
344,https://www.psytests.be/timages/task_img/blobhighmatched_person9.png,https://www.psytests.be/timages/mask_img/000000347139.png,person,occlusion
345,https://www.psytests.be/timages/task_img/lp_matched_bus3.png,https://www.psytests.be/timages/mask_img/000000352252.png,bus,low-pass
346,https://www.psytests.be/timages/task_img/blobhighmatched_firehydrant8.png,https://www.psytests.be/timages/mask_img/000000322560.png,firehydrant,occlusion
347,https://www.psytests.be/timages/task_img/control_banana2.png,https://www.psytests.be/timages/mask_img/000000351217.png,banana,control
348,https://www.psytests.be/timages/task_img/control_cat7.png,https://www.psytests.be/timages/mask_img/000000328663.png,cat,control
349,https://www.psytests.be/timages/task_img/lp_matched_bus10.png,https://www.psytests.be/timages/mask_img/000000330951.png,bus,low-pass
350,https://www.psytests.be/timages/task_img/control_firehydrant10.png,https://www.psytests.be/timages/mask_img/000000333280.png,firehydrant,control
351,https://www.psytests.be/timages/task_img/hp_matched_bus6.png,https://www.psytests.be/timages/mask_img/000000345855.png,bus,high-pass
352,https://www.psytests.be/timages/task_img/hp_matched_bus7.png,https://www.psytests.be/timages/mask_img/000000353028.png,bus,high-pass
353,https://www.psytests.be/timages/task_img/lp_matched_building1.png,https://www.psytests.be/timages/mask_img/000000350535.png,building,low-pass
354,https://www.psytests.be/timages/task_img/control_cat6.png,https://www.psytests.be/timages/mask_img/000000356622.png,cat,control
355,https://www.psytests.be/timages/task_img/control_banana3.png,https://www.psytests.be/timages/mask_img/000000334716.png,banana,control
356,https://www.psytests.be/timages/task_img/lp_matched_bus2.png,https://www.psytests.be/timages/mask_img/000000343993.png,bus,low-pass
357,https://www.psytests.be/timages/task_img/blobhighmatched_firehydrant9.png,https://www.psytests.be/timages/mask_img/000000322376.png,firehydrant,occlusion
358,https://www.psytests.be/timages/task_img/blobhighmatched_person8.png,https://www.psytests.be/timages/mask_img/000000365997.png,person,occlusion
359,https://www.psytests.be/timages/task_img/heavycluttermatched_building4.png,https://www.psytests.be/timages/mask_img/000000326919.png,building,clutter
360,https://www.psytests.be/timages/task_img/lp_matched_banana2.png,https://www.psytests.be/timages/mask_img/000000323108.png,banana,low-pass
361,https://www.psytests.be/timages/task_img/lp_matched_firehydrant3.png,https://www.psytests.be/timages/mask_img/000000327352.png,firehydrant,low-pass
362,https://www.psytests.be/timages/task_img/heavycluttermatched_tree5.png,https://www.psytests.be/timages/mask_img/000000359303.png,tree,clutter
363,https://www.psytests.be/timages/task_img/heavycluttermatched_firehydrant6.png,https://www.psytests.be/timages/mask_img/000000342092.png,firehydrant,clutter
364,https://www.psytests.be/timages/task_img/control_bird7.png,https://www.psytests.be/timages/mask_img/000000323478.png,bird,control
365,https://www.psytests.be/timages/task_img/heavycluttermatched_cat3.png,https://www.psytests.be/timages/mask_img/000000329141.png,cat,clutter
366,https://www.psytests.be/timages/task_img/hp_matched_building7.png,https://www.psytests.be/timages/mask_img/000000333124.png,building,high-pass
367,https://www.psytests.be/timages/task_img/blobhighmatched_bus8.png,https://www.psytests.be/timages/mask_img/000000347666.png,bus,occlusion
368,https://www.psytests.be/timages/task_img/control_tree2.png,https://www.psytests.be/timages/mask_img/000000340653.png,tree,control
369,https://www.psytests.be/timages/task_img/hp_matched_building5.png,https://www.psytests.be/timages/mask_img/000000352243.png,building,high-pass
370,https://www.psytests.be/timages/task_img/hp_matched_person2.png,https://www.psytests.be/timages/mask_img/000000357663.png,person,high-pass
371,https://www.psytests.be/timages/task_img/heavycluttermatched_bird2.png,https://www.psytests.be/timages/mask_img/000000348186.png,bird,clutter
372,https://www.psytests.be/timages/task_img/heavycluttermatched_cat1.png,https://www.psytests.be/timages/mask_img/000000336302.png,cat,clutter
373,https://www.psytests.be/timages/task_img/lp_matched_tree8.png,https://www.psytests.be/timages/mask_img/000000346168.png,tree,low-pass
374,https://www.psytests.be/timages/task_img/control_bird5.png,https://www.psytests.be/timages/mask_img/000000343992.png,bird,control
375,https://www.psytests.be/timages/task_img/heavycluttermatched_building6.png,https://www.psytests.be/timages/mask_img/000000329008.png,building,clutter
376,https://www.psytests.be/timages/task_img/heavycluttermatched_person2.png,https://www.psytests.be/timages/mask_img/000000327970.png,person,clutter
377,https://www.psytests.be/timages/task_img/heavycluttermatched_firehydrant4.png,https://www.psytests.be/timages/mask_img/000000348379.png,firehydrant,clutter
378,https://www.psytests.be/timages/task_img/heavycluttermatched_tree7.png,https://www.psytests.be/timages/mask_img/000000347274.png,tree,clutter
379,https://www.psytests.be/timages/task_img/lp_matched_firehydrant1.png,https://www.psytests.be/timages/mask_img/000000343166.png,firehydrant,low-pass
380,https://www.psytests.be/timages/task_img/heavycluttermatched_banana10.png,https://www.psytests.be/timages/mask_img/000000332953.png,banana,clutter
381,https://www.psytests.be/timages/task_img/control_banana1.png,https://www.psytests.be/timages/mask_img/000000352080.png,banana,control
382,https://www.psytests.be/timages/task_img/control_cat4.png,https://www.psytests.be/timages/mask_img/000000323889.png,cat,control
383,https://www.psytests.be/timages/task_img/lp_matched_building3.png,https://www.psytests.be/timages/mask_img/000000367761.png,building,low-pass
384,https://www.psytests.be/timages/task_img/hp_matched_bus5.png,https://www.psytests.be/timages/mask_img/000000332748.png,bus,high-pass
385,https://www.psytests.be/timages/task_img/hp_matched_bus4.png,https://www.psytests.be/timages/mask_img/000000360595.png,bus,high-pass
386,https://www.psytests.be/timages/task_img/lp_matched_building2.png,https://www.psytests.be/timages/mask_img/000000357339.png,building,low-pass
387,https://www.psytests.be/timages/task_img/lp_matched_bus1.png,https://www.psytests.be/timages/mask_img/000000335594.png,bus,low-pass
388,https://www.psytests.be/timages/task_img/control_cat5.png,https://www.psytests.be/timages/mask_img/000000333126.png,cat,control
389,https://www.psytests.be/timages/task_img/heavycluttermatched_firehydrant5.png,https://www.psytests.be/timages/mask_img/000000342709.png,firehydrant,clutter
390,https://www.psytests.be/timages/task_img/heavycluttermatched_tree6.png,https://www.psytests.be/timages/mask_img/000000362618.png,tree,clutter
391,https://www.psytests.be/timages/task_img/heavycluttermatched_person3.png,https://www.psytests.be/timages/mask_img/000000349310.png,person,clutter
392,https://www.psytests.be/timages/task_img/lp_matched_banana1.png,https://www.psytests.be/timages/mask_img/000000351239.png,banana,low-pass
393,https://www.psytests.be/timages/task_img/heavycluttermatched_building7.png,https://www.psytests.be/timages/mask_img/000000341189.png,building,clutter
394,https://www.psytests.be/timages/task_img/control_bird4.png,https://www.psytests.be/timages/mask_img/000000354584.png,bird,control
395,https://www.psytests.be/timages/task_img/lp_matched_tree9.png,https://www.psytests.be/timages/mask_img/000000326853.png,tree,low-pass
396,https://www.psytests.be/timages/task_img/heavycluttermatched_bird3.png,https://www.psytests.be/timages/mask_img/000000330572.png,bird,clutter
397,https://www.psytests.be/timages/task_img/hp_matched_person3.png,https://www.psytests.be/timages/mask_img/000000322604.png,person,high-pass
398,https://www.psytests.be/timages/task_img/hp_matched_building4.png,https://www.psytests.be/timages/mask_img/000000366907.png,building,high-pass
399,https://www.psytests.be/timages/task_img/control_tree1.png,https://www.psytests.be/timages/mask_img/000000350245.png,tree,control
400,https://www.psytests.be/timages/task_img/control_bird9.png,https://www.psytests.be/timages/white_square.png,bird,control
401,https://www.psytests.be/timages/task_img/control_cat8.png,https://www.psytests.be/timages/white_square.png,cat,control
402,https://www.psytests.be/timages/task_img/control_cat9.png,https://www.psytests.be/timages/white_square.png,cat,control
403,https://www.psytests.be/timages/task_img/control_bird8.png,https://www.psytests.be/timages/white_square.png,bird,control
404,https://www.psytests.be/timages/task_img/control_bus10.png,https://www.psytests.be/timages/white_square.png,bus,control
405,https://www.psytests.be/timages/task_img/control_tree9.png,https://www.psytests.be/timages/white_square.png,tree,control
406,https://www.psytests.be/timages/task_img/control_banana8.png,https://www.psytests.be/timages/white_square.png,banana,control
407,https://www.psytests.be/timages/task_img/control_banana9.png,https://www.psytests.be/timages/white_square.png,banana,control
408,https://www.psytests.be/timages/task_img/control_tree8.png,https://www.psytests.be/timages/white_square.png,tree,control
409,https://www.psytests.be/timages/task_img/control_banana10.png,https://www.psytests.be/timages/white_square.png,banana,control
410,https://www.psytests.be/timages/task_img/control_bus8.png,https://www.psytests.be/timages/white_square.png,bus,control
411,https://www.psytests.be/timages/task_img/control_bus9.png,https://www.psytests.be/timages/white_square.png,bus,control
412,https://www.psytests.be/timages/task_img/control_building1.png,https://www.psytests.be/timages/white_square.png,building,control
413,https://www.psytests.be/timages/task_img/control_building3.png,https://www.psytests.be/timages/white_square.png,building,control
414,https://www.psytests.be/timages/task_img/control_building2.png,https://www.psytests.be/timages/white_square.png,building,control
415,https://www.psytests.be/timages/task_img/control_person10.png,https://www.psytests.be/timages/white_square.png,person,control
416,https://www.psytests.be/timages/task_img/control_building6.png,https://www.psytests.be/timages/white_square.png,building,control
417,https://www.psytests.be/timages/task_img/control_cat10.png,https://www.psytests.be/timages/white_square.png,cat,control
418,https://www.psytests.be/timages/task_img/control_bird10.png,https://www.psytests.be/timages/white_square.png,bird,control
419,https://www.psytests.be/timages/task_img/control_building7.png,https://www.psytests.be/timages/white_square.png,building,control
420,https://www.psytests.be/timages/task_img/control_building5.png,https://www.psytests.be/timages/white_square.png,building,control
421,https://www.psytests.be/timages/task_img/control_person8.png,https://www.psytests.be/timages/white_square.png,person,control
422,https://www.psytests.be/timages/task_img/control_firehydrant9.png,https://www.psytests.be/timages/white_square.png,firehydrant,control
423,https://www.psytests.be/timages/task_img/control_firehydrant8.png,https://www.psytests.be/timages/white_square.png,firehydrant,control
424,https://www.psytests.be/timages/task_img/control_person9.png,https://www.psytests.be/timages/white_square.png,person,control
425,https://www.psytests.be/timages/task_img/control_building4.png,https://www.psytests.be/timages/white_square.png,building,control
426,https://www.psytests.be/timages/task_img/control_building9.png,https://www.psytests.be/timages/white_square.png,building,control
427,https://www.psytests.be/timages/task_img/control_tree10.png,https://www.psytests.be/timages/white_square.png,tree,control
428,https://www.psytests.be/timages/task_img/control_person4.png,https://www.psytests.be/timages/white_square.png,person,control
429,https://www.psytests.be/timages/task_img/control_bus1.png,https://www.psytests.be/timages/white_square.png,bus,control
430,https://www.psytests.be/timages/task_img/control_firehydrant5.png,https://www.psytests.be/timages/white_square.png,firehydrant,control
431,https://www.psytests.be/timages/task_img/control_firehydrant4.png,https://www.psytests.be/timages/white_square.png,firehydrant,control
432,https://www.psytests.be/timages/task_img/control_person5.png,https://www.psytests.be/timages/white_square.png,person,control
433,https://www.psytests.be/timages/task_img/control_building8.png,https://www.psytests.be/timages/white_square.png,building,control
434,https://www.psytests.be/timages/task_img/control_person7.png,https://www.psytests.be/timages/white_square.png,person,control
435,https://www.psytests.be/timages/task_img/control_bus2.png,https://www.psytests.be/timages/white_square.png,bus,control
436,https://www.psytests.be/timages/task_img/control_firehydrant6.png,https://www.psytests.be/timages/white_square.png,firehydrant,control
437,https://www.psytests.be/timages/task_img/control_firehydrant7.png,https://www.psytests.be/timages/white_square.png,firehydrant,control
438,https://www.psytests.be/timages/task_img/control_bus3.png,https://www.psytests.be/timages/white_square.png,bus,control
439,https://www.psytests.be/timages/task_img/control_person6.png,https://www.psytests.be/timages/white_square.png,person,control
440,https://www.psytests.be/timages/task_img/control_person2.png,https://www.psytests.be/timages/white_square.png,person,control
441,https://www.psytests.be/timages/task_img/control_bus7.png,https://www.psytests.be/timages/white_square.png,bus,control
442,https://www.psytests.be/timages/task_img/control_firehydrant3.png,https://www.psytests.be/timages/white_square.png,firehydrant,control
443,https://www.psytests.be/timages/task_img/control_firehydrant2.png,https://www.psytests.be/timages/white_square.png,firehydrant,control
444,https://www.psytests.be/timages/task_img/control_bus6.png,https://www.psytests.be/timages/white_square.png,bus,control
445,https://www.psytests.be/timages/task_img/control_person3.png,https://www.psytests.be/timages/white_square.png,person,control
446,https://www.psytests.be/timages/task_img/control_person1.png,https://www.psytests.be/timages/white_square.png,person,control
447,https://www.psytests.be/timages/task_img/control_bus4.png,https://www.psytests.be/timages/white_square.png,bus,control
448,https://www.psytests.be/timages/task_img/control_firehydrant1.png,https://www.psytests.be/timages/white_square.png,firehydrant,control
449,https://www.psytests.be/timages/task_img/control_bus5.png,https://www.psytests.be/timages/white_square.png,bus,control
450,https://www.psytests.be/timages/task_img/control_tree5.png,https://www.psytests.be/timages/white_square.png,tree,control
451,https://www.psytests.be/timages/task_img/control_banana4.png,https://www.psytests.be/timages/white_square.png,banana,control
452,https://www.psytests.be/timages/task_img/control_cat1.png,https://www.psytests.be/timages/white_square.png,cat,control
453,https://www.psytests.be/timages/task_img/control_banana5.png,https://www.psytests.be/timages/white_square.png,banana,control
454,https://www.psytests.be/timages/task_img/control_bird1.png,https://www.psytests.be/timages/white_square.png,bird,control
455,https://www.psytests.be/timages/task_img/control_tree4.png,https://www.psytests.be/timages/white_square.png,tree,control
456,https://www.psytests.be/timages/task_img/control_tree6.png,https://www.psytests.be/timages/white_square.png,tree,control
457,https://www.psytests.be/timages/task_img/control_bird3.png,https://www.psytests.be/timages/white_square.png,bird,control
458,https://www.psytests.be/timages/task_img/control_banana7.png,https://www.psytests.be/timages/white_square.png,banana,control
459,https://www.psytests.be/timages/task_img/control_cat2.png,https://www.psytests.be/timages/white_square.png,cat,control
460,https://www.psytests.be/timages/task_img/control_building10.png,https://www.psytests.be/timages/white_square.png,building,control
461,https://www.psytests.be/timages/task_img/control_cat3.png,https://www.psytests.be/timages/white_square.png,cat,control
462,https://www.psytests.be/timages/task_img/control_banana6.png,https://www.psytests.be/timages/white_square.png,banana,control
463,https://www.psytests.be/timages/task_img/control_bird2.png,https://www.psytests.be/timages/white_square.png,bird,control
464,https://www.psytests.be/timages/task_img/control_tree7.png,https://www.psytests.be/timages/white_square.png,tree,control
465,https://www.psytests.be/timages/task_img/control_tree3.png,https://www.psytests.be/timages/white_square.png,tree,control
466,https://www.psytests.be/timages/task_img/control_bird6.png,https://www.psytests.be/timages/white_square.png,bird,control
467,https://www.psytests.be/timages/task_img/control_banana2.png,https://www.psytests.be/timages/white_square.png,banana,control
468,https://www.psytests.be/timages/task_img/control_cat7.png,https://www.psytests.be/timages/white_square.png,cat,control
469,https://www.psytests.be/timages/task_img/control_firehydrant10.png,https://www.psytests.be/timages/white_square.png,firehydrant,control
470,https://www.psytests.be/timages/task_img/control_cat6.png,https://www.psytests.be/timages/white_square.png,cat,control
471,https://www.psytests.be/timages/task_img/control_banana3.png,https://www.psytests.be/timages/white_square.png,banana,control
472,https://www.psytests.be/timages/task_img/control_bird7.png,https://www.psytests.be/timages/white_square.png,bird,control
473,https://www.psytests.be/timages/task_img/control_tree2.png,https://www.psytests.be/timages/white_square.png,tree,control
474,https://www.psytests.be/timages/task_img/control_bird5.png,https://www.psytests.be/timages/white_square.png,bird,control
475,https://www.psytests.be/timages/task_img/control_banana1.png,https://www.psytests.be/timages/white_square.png,banana,control
476,https://www.psytests.be/timages/task_img/control_cat4.png,https://www.psytests.be/timages/white_square.png,cat,control
477,https://www.psytests.be/timages/task_img/control_cat5.png,https://www.psytests.be/timages/white_square.png,cat,control
478,https://www.psytests.be/timages/task_img/control_bird4.png,https://www.psytests.be/timages/white_square.png,bird,control
479,https://www.psytests.be/timages/task_img/control_tree1.png,https://www.psytests.be/timages/white_square.png,tree,control
